[
    {
	"teks": "icarusBOT Meme",
	"image": "https://i.pinimg.com/originals/fc/6d/df/fc6ddf9b52fb5edc7b49694f6be2b19d.jpg"
    },
    {
	"teks": "icarusBOT Meme",
	"image": "https://www.politecnicos.com.br/memes/img/531.jpg"
    },
    {
	"teks": "icarusBOT Meme",
	"image": "https://statig3.akamaized.net/bancodeimagens/a5/b8/5e/a5b85e8gibqklgahdhltrihfz.jpg"
    },
    {
	"teks": "icarusBOT Meme",
	"image": "https://images7.memedroid.com/images/UPLOADED688/5f928e003ef09.jpeg"
    },
    {
	"teks": "icarusBOT Meme",
	"image": "https://img.buzzfeed.com/buzzfeed-static/static/2018-03/14/15/asset/buzzfeed-prod-web-07/sub-buzz-10658-1521054781-6.png"
    },
    {
	"teks": "icarusBOT Meme",
	"image": "https://images3.memedroid.com/images/UPLOADED51/59cb023e86b25.jpeg"
    },
    {
	"teks": "icarusBOT Meme",
	"image": "https://i.pinimg.com/736x/4b/dd/d6/4bddd63ffd6af8da5caf03f30bc84e24.jpg"
    },
    {
	"teks": "icarusBOT Meme",
	"image": "https://i.pinimg.com/564x/b4/bb/be/b4bbbeb84809cfa0abff23d63f1af691.jpg"
    },
    {
 	"teks": "icarusBOT Meme",
	"image": "https://static.topfrases.com.br/content/assetz/uploads/2019/04/56-memes-brasileiros-engracados-colecao-7742.jpg"
    },
    {
 	"teks": "icarusBOT Meme",
	"image": "https://i.pinimg.com/736x/22/d7/95/22d795893d2e11a2cae40d16ef539214.jpg"
    },
    {
 	"teks": "icarusBOT Meme",
	"image": "https://encrypted-tbn0.gstatic.com/images?q=tbn%3AANd9GcQ3Fgc3vlh4zk-YlamyXifNbkJw04ufht11GQ&usqp=CAU"
    },
    {
 	"teks": "icarusBOT Meme",
	"image": "https://pm1.narvii.com/6357/dd34a75875c54fa8066332bb4539981ccc248bae_hq.jpg"
    },
    {
 	"teks": "icarusBOT Meme",
	"image": "https://pm1.narvii.com/6347/7489b30b3874838d853f7f59746687a24ff75d95_hq.jpg"
    },
    {
 	"teks": "icarusBOT Meme",
	"image": "https://pm1.narvii.com/6347/6697f48ae3833aae9009992d0040cd9478fdcd22_hq.jpg"
    },
    {
 	"teks": "icarusBOT Meme",
	"image": "https://i.pinimg.com/736x/fa/fe/46/fafe4671b37d0494f45a7043c0463bc1.jpg"
    },
    {
 	"teks": "icarusBOT Meme",
	"image": "https://i.pinimg.com/originals/6f/9e/bb/6f9ebb24880be6a225f38fc156a8979b.jpg"
    },
    {
 	"teks": "icarusBOT Meme",
	"image": "https://i.pinimg.com/originals/61/23/2e/61232eeab018b5cee968e91760c54001.jpg"
    },
    {
 	"teks": "icarusBOT Meme",
	"image": "https://i.pinimg.com/564x/5c/f9/5b/5cf95ba07afacd80d33448910d88bb6b.jpg"
    },
    {
 	"teks": "icarusBOT Meme",
	"image": "https://i.pinimg.com/originals/89/33/18/893318ac4b88d4fdf7ce47bc3df72ecc.jpg"
    },
    {
 	"teks": "icarusBOT Meme",
	"image": "https://i.pinimg.com/originals/56/14/51/5614514bbb3320d1c209b0515cf0a349.jpg"
    },
    {
 	"teks": "icarusBOT Meme",
	"image": "https://images7.memedroid.com/images/UPLOADED782/5f22fe56186f5.jpeg"
    },
    {
 	"teks": "icarusBOT Meme",
	"image": "https://pics.me.me/macintosh-1984-psiu-thuthuca-me-chama-de-e-dexa-eu-64093299.png"
    },
    {
 	"teks": "icarusBOT Meme",
	"image": "https://pm1.narvii.com/6912/3967de474fdc3164347838430e1b852a9820cfe5r1-430-342v2_hq.jpg"
    },
    {
 	"teks": "icarusBOT Meme",
	"image": "https://static.topfrases.com.br/content/assetz/uploads/2019/04/84-memes-brasileiros-engracados-colecao-2392.jpg"
    },
    {
 	"teks": "icarusBOT Meme",
	"image": "https://static.topfrases.com.br/content/assetz/uploads/2019/05/46-memes-brasileiros-zoeiras-colecao-780-480x417.jpg"
    },
    {
 	"teks": "icarusBOT Meme",
	"image": "https://pm1.narvii.com/7003/5e03b45785cb74d9dd4fd01508d3f42b8698a858r1-720-720v2_hq.jpg"
    },
    {
 	"teks": "icarusBOT Meme",
	"image": "https://static.topfrases.com.br/content/assetz/uploads/2019/04/37-memes-brasileiros-engracados-colecao-6017.jpg"
    },
    {
 	"teks": "icarusBOT Meme",
	"image": "https://pics.me.me/macintosh-1984-qualidade-da-imagem-est%C3%A1-baixa-igual-minha-autoestima-58126541.png"
    },
    {
 	"teks": "Será que ela ama o icarusBOT? ",
	"image": "https://pics.awwmemes.com/macintosh-1984-mano-sera-se-ela-me-amar-11-64325175.png"
    },
    {
 	"teks": "icarusBOT Meme",
	"image": "https://i.ytimg.com/vi/OFI3Y1lWLME/maxresdefault.jpg"
    },
    {
 	"teks": "icarusBOT Meme",
	"image": "https://i.pinimg.com/736x/9a/d8/ac/9ad8accb00b77668c167e732e7eee086.jpg"
    },
    {
 	"teks": "icarusBOT Meme",
	"image": "https://conteudo.imguol.com.br/c/noticias/35/2020/01/03/internautas-fazem-piada-com-terceira-guerra-mundial-e-o-fato-de-o-presidente-jair-bolsonaro-ser-palmeirense-1578072287497_v2_1080x971.jpg"
    },

    {
 	"teks": "icarusBOT Meme",
	"image": "https://cdn.falauniversidades.com.br/wp-content/uploads/2020/03/20184258/WhatsApp-Image-2020-03-20-at-13.52.12-4.jpeg"
    },
    {
 	"teks": "icarusBOT Meme",
	"image": "https://blog.tnh1.com.br/planetatera/wp-content/uploads/2020/01/memes.jpg"
    },
    {
 	"teks": "icarusBOT Meme",
	"image": "https://encrypted-tbn0.gstatic.com/images?q=tbn%3AANd9GcR9D26otLtO0OqzZrMA8UddqbZufUdnSj7_Bw&usqp=CAU"
    },

    {
 	"teks": "icarusBOT Meme",
	"image": "https://hashtag.blogfolha.uol.com.br/files/2020/06/WhatsApp-Image-2020-06-07-at-14.05.15.jpeg"
    },
    {
 	"teks": "icarusBOT Meme",
	"image": "https://www.hojeemdia.com.br/polopoly_fs/1.779031!/image/image.jpg_gen/derivatives/landscape_653/image.jpg"
    },
    {
 	"teks": "icarusBOT Meme",
	"image": "https://www.lance.com.br/galerias/wp-content/uploads/2020/02/2-15.jpg"
    },
    {
 	"teks": "icarusBOT Meme",
	"image": "https://static.poder360.com.br/2020/05/93355558_127647188881155_4871494452792786944_n.jpg"
    },
    {
 	"teks": "icarusBOT Meme",
	"image": "https://capricho.abril.com.br/wp-content/uploads/2021/03/memes-gordoficos-1.png?w=620"
    },
    {
 	"teks": "icarusBOT Meme",
	"image": "https://33giga.com.br/wp-content/uploads/2020/03/Screenshot_48.png"
    },
    {
 	"teks": "icarusBOT Meme",
	"image": "https://s2.glbimg.com/TdSvn5IfXiZUDWG6Ya2ePyoYXHw=/e.glbimg.com/og/ed/f/original/2020/04/13/etz53atwaaiis8s.jpg"
    },
    {
 	"teks": "icarusBOT Meme",
	"image": "https://cdn.falauniversidades.com.br/wp-content/uploads/2020/03/20184308/WhatsApp-Image-2020-03-20-at-13.52.14-1.jpeg"
    },
    {
 	"teks": "icarusBOT Meme",
	"image": "https://cdn.falauniversidades.com.br/wp-content/uploads/2020/03/20184228/meme-coronav%C3%ADrus.jpg"
    }
]